{
  "version": "2.0.0",
  "generated_at": "2026-01-10",
  "dear_abby_n": 20030,
  "hebrew_n": 0,
  "correlative_o_c": 0.8699976473356076,
  "correlative_o_c_ci": [
    0.8499976473356076,
    0.8899976473356076
  ],
  "correlative_l_n": 0.8199967747137559,
  "correlative_l_n_ci": [
    0.7899967747137558,
    0.8499967747137559
  ],
  "bond_index": 0.15500278897531827,
  "bond_index_threshold": 0.2,
  "tier_1_gates": [
    {
      "name": "oath_shevuah",
      "type": "BINDING",
      "effectiveness": 0.99,
      "source": "hebrew"
    },
    {
      "name": "kinyan",
      "type": "BINDING",
      "effectiveness": 0.99,
      "source": "hebrew"
    },
    {
      "name": "ones_duress",
      "type": "NULLIFY",
      "effectiveness": 0.99,
      "source": "hebrew"
    },
    {
      "name": "vow_neder",
      "type": "BINDING",
      "effectiveness": 0.98,
      "source": "hebrew"
    },
    {
      "name": "sakana_danger",
      "type": "NULLIFY",
      "effectiveness": 0.97,
      "source": "hebrew"
    },
    {
      "name": "abuse",
      "type": "NULLIFY",
      "effectiveness": 0.95,
      "n": 620,
      "source": "dear_abby"
    },
    {
      "name": "patur_exempt",
      "type": "RELEASE",
      "effectiveness": 0.95,
      "source": "hebrew"
    },
    {
      "name": "mechilah",
      "type": "RELEASE",
      "effectiveness": 0.95,
      "source": "hebrew"
    },
    {
      "name": "explicit_promise",
      "type": "BINDING",
      "effectiveness": 0.94,
      "n": 1250,
      "source": "dear_abby"
    },
    {
      "name": "emergency",
      "type": "BINDING",
      "effectiveness": 0.93,
      "n": 890,
      "source": "dear_abby"
    },
    {
      "name": "danger",
      "type": "NULLIFY",
      "effectiveness": 0.92,
      "n": 380,
      "source": "dear_abby"
    },
    {
      "name": "minhag_custom",
      "type": "RELEASE",
      "effectiveness": 0.9,
      "source": "hebrew"
    }
  ],
  "tier_2_gates": [
    {
      "name": "conditional",
      "type": "RELEASE",
      "effectiveness": 0.89,
      "n": 980,
      "source": "dear_abby"
    },
    {
      "name": "impossibility",
      "type": "NULLIFY",
      "effectiveness": 0.88,
      "n": 290,
      "source": "dear_abby"
    },
    {
      "name": "vulnerability",
      "type": "BINDING",
      "effectiveness": 0.82,
      "n": 720,
      "source": "dear_abby"
    },
    {
      "name": "no_agreement",
      "type": "RELEASE",
      "effectiveness": 0.78,
      "n": 1100,
      "source": "dear_abby"
    }
  ],
  "tier_3_gates": [],
  "dimensions": {
    "FAIRNESS": {
      "weight": 0.17671957671957672,
      "dear_abby": 0.18,
      "hebrew": 0.05,
      "alignment": 0.2777777777777777
    },
    "RIGHTS": {
      "weight": 0.15767195767195769,
      "dear_abby": 0.16,
      "hebrew": 0.05,
      "alignment": 0.3125
    },
    "HARM": {
      "weight": 0.13862433862433865,
      "dear_abby": 0.14,
      "hebrew": 0.05,
      "alignment": 0.3571428571428571
    },
    "AUTONOMY": {
      "weight": 0.1291005291005291,
      "dear_abby": 0.13,
      "hebrew": 0.05,
      "alignment": 0.3846153846153846
    },
    "LEGITIMACY": {
      "weight": 0.11957671957671957,
      "dear_abby": 0.12,
      "hebrew": 0.05,
      "alignment": 0.41666666666666674
    },
    "SOCIAL": {
      "weight": 0.10052910052910054,
      "dear_abby": 0.1,
      "hebrew": 0.05,
      "alignment": 0.5
    },
    "PRIVACY": {
      "weight": 0.07195767195767197,
      "dear_abby": 0.07,
      "hebrew": 0.05,
      "alignment": 0.7142857142857142
    },
    "PROCEDURE": {
      "weight": 0.062433862433862425,
      "dear_abby": 0.06,
      "hebrew": 0.05,
      "alignment": 0.8333333333333334
    },
    "EPISTEMIC": {
      "weight": 0.04338624338624339,
      "dear_abby": 0.04,
      "hebrew": 0.05,
      "alignment": 0.7999999999999999
    }
  },
  "context_weights": {
    "FAMILY": {
      "SOCIAL": 1.5,
      "HARM": 1.3,
      "FAIRNESS": 1.0
    },
    "WORKPLACE": {
      "PROCEDURE": 1.5,
      "FAIRNESS": 1.4,
      "LEGITIMACY": 1.3
    },
    "FRIENDSHIP": {
      "FAIRNESS": 1.5,
      "AUTONOMY": 1.3,
      "SOCIAL": 1.2
    },
    "COMMERCE": {
      "FAIRNESS": 1.5,
      "RIGHTS": 1.4,
      "PROCEDURE": 1.2
    },
    "LEGAL": {
      "LEGITIMACY": 1.5,
      "PROCEDURE": 1.5,
      "RIGHTS": 1.3
    }
  },
  "contested": [
    {
      "name": "family_vs_self_care",
      "agreement": 0.52,
      "status": "genuinely_contested"
    },
    {
      "name": "white_lies",
      "agreement": 0.48,
      "status": "genuinely_contested"
    },
    {
      "name": "blame_reduces_duty",
      "agreement": 0.45,
      "status": "genuinely_contested"
    },
    {
      "name": "loyalty_vs_truth",
      "agreement": 0.51,
      "status": "genuinely_contested"
    },
    {
      "name": "self_sacrifice_required",
      "agreement": 0.5,
      "status": "disputed_2000_years",
      "note": "Ben Petora vs R. Akiva"
    }
  ],
  "system_1_weight": 0.75,
  "system_2_weight": 0.25,
  "temporal_discount": [
    [
      0.0,
      1.0
    ],
    [
      0.1,
      0.95
    ],
    [
      0.3,
      0.85
    ],
    [
      0.5,
      0.7
    ],
    [
      0.7,
      0.5
    ],
    [
      1.0,
      0.3
    ]
  ],
  "calibration_score": 0.12,
  "cross_cultural_alignment": 0.5
}