{
  "version": "1.0.0",
  "generated_at": "2026-01-10",
  "methodology": "Bayesian synthesis: Dear Abby (32yr) + Hebrew Scrolls (2000yr)",
  "dear_abby_n": 20030,
  "hebrew_n": 23,
  "total_n": 20053,
  "correlative": {
    "o_c_rate": 0.8699718045112782,
    "o_c_ci": [
      0.8498498498498499,
      0.8918918918918919
    ],
    "l_n_rate": 0.8199742268041237,
    "l_n_ci": [
      0.7957957957957958,
      0.8438438438438438
    ],
    "bond_index": 0.1550269843422991,
    "bond_index_ci": [
      0.13213213213213215,
      0.17717717717717707
    ],
    "recommended_threshold": 0.2,
    "threshold_rationale": "1.5\u03c3 above combined baseline allows measurement noise"
  },
  "tier_1_gates": [
    {
      "name": "oath",
      "gate_type": "BINDING",
      "triggers_en": [
        "oath",
        "sworn"
      ],
      "triggers_he": [
        "\u05e9\u05d1\u05d5\u05e2\u05d4"
      ],
      "effectiveness": 0.99,
      "effectiveness_ci_lower": 0.89,
      "effectiveness_ci_upper": 1.0,
      "n_observations": 3,
      "reliability": 0.0,
      "processing_mode": "ProcessingMode.SYSTEM_1",
      "response_time_ms": null,
      "cross_cultural_stability": 0.5
    },
    {
      "name": "acquisition",
      "gate_type": "BINDING",
      "triggers_en": [
        "acquired",
        "kinyan"
      ],
      "triggers_he": [
        "\u05e7\u05e0\u05d9\u05df"
      ],
      "effectiveness": 0.99,
      "effectiveness_ci_lower": 0.89,
      "effectiveness_ci_upper": 1.0,
      "n_observations": 2,
      "reliability": 0.0,
      "processing_mode": "ProcessingMode.SYSTEM_1",
      "response_time_ms": null,
      "cross_cultural_stability": 0.5
    },
    {
      "name": "duress",
      "gate_type": "RELEASE",
      "triggers_en": [
        "duress",
        "coerced",
        "forced"
      ],
      "triggers_he": [
        "\u05d0\u05d5\u05e0\u05e1"
      ],
      "effectiveness": 0.99,
      "effectiveness_ci_lower": 0.89,
      "effectiveness_ci_upper": 1.0,
      "n_observations": 3,
      "reliability": 0.0,
      "processing_mode": "ProcessingMode.SYSTEM_1",
      "response_time_ms": null,
      "cross_cultural_stability": 0.5
    },
    {
      "name": "ones",
      "gate_type": "NULLIFY",
      "triggers_en": [
        "duress",
        "impossibility"
      ],
      "triggers_he": [
        "\u05d0\u05d5\u05e0\u05e1"
      ],
      "effectiveness": 0.99,
      "effectiveness_ci_lower": 0.89,
      "effectiveness_ci_upper": 1.0,
      "n_observations": 2,
      "reliability": 0.0,
      "processing_mode": "ProcessingMode.SYSTEM_1",
      "response_time_ms": null,
      "cross_cultural_stability": 0.5
    },
    {
      "name": "impossible",
      "gate_type": "NULLIFY",
      "triggers_en": [
        "impossible"
      ],
      "triggers_he": [
        "\u05d0\u05d9 \u05d0\u05e4\u05e9\u05e8"
      ],
      "effectiveness": 0.99,
      "effectiveness_ci_lower": 0.89,
      "effectiveness_ci_upper": 1.0,
      "n_observations": 1,
      "reliability": 0.0,
      "processing_mode": "ProcessingMode.SYSTEM_1",
      "response_time_ms": null,
      "cross_cultural_stability": 0.5
    },
    {
      "name": "vow",
      "gate_type": "BINDING",
      "triggers_en": [
        "vow",
        "vowed"
      ],
      "triggers_he": [
        "\u05e0\u05d3\u05e8"
      ],
      "effectiveness": 0.98,
      "effectiveness_ci_lower": 0.88,
      "effectiveness_ci_upper": 1.0,
      "n_observations": 4,
      "reliability": 0.0,
      "processing_mode": "ProcessingMode.SYSTEM_1",
      "response_time_ms": null,
      "cross_cultural_stability": 0.5
    },
    {
      "name": "forgiveness",
      "gate_type": "RELEASE",
      "triggers_en": [
        "forgive",
        "forgiven"
      ],
      "triggers_he": [
        "\u05de\u05d7\u05d9\u05dc\u05d4"
      ],
      "effectiveness": 0.95,
      "effectiveness_ci_lower": 0.85,
      "effectiveness_ci_upper": 1.0,
      "n_observations": 2,
      "reliability": 0.0,
      "processing_mode": "ProcessingMode.SYSTEM_1",
      "response_time_ms": null,
      "cross_cultural_stability": 0.5
    },
    {
      "name": "abuse",
      "gate_type": "NULLIFY",
      "triggers_en": [
        "abusive",
        "mistreated",
        "harmful"
      ],
      "triggers_he": [],
      "effectiveness": 0.95,
      "effectiveness_ci_lower": 0.9,
      "effectiveness_ci_upper": 0.99,
      "n_observations": 620,
      "reliability": 0.85,
      "processing_mode": "ProcessingMode.SYSTEM_1",
      "response_time_ms": null,
      "cross_cultural_stability": 0.5
    },
    {
      "name": "explicit_promise",
      "gate_type": "BINDING",
      "triggers_en": [
        "you promised",
        "gave your word",
        "agreed to"
      ],
      "triggers_he": [],
      "effectiveness": 0.94,
      "effectiveness_ci_lower": 0.89,
      "effectiveness_ci_upper": 0.98,
      "n_observations": 1250,
      "reliability": 0.85,
      "processing_mode": "ProcessingMode.SYSTEM_1",
      "response_time_ms": null,
      "cross_cultural_stability": 0.5
    },
    {
      "name": "emergency",
      "gate_type": "BINDING",
      "triggers_en": [
        "life-threatening",
        "emergency",
        "urgent need"
      ],
      "triggers_he": [],
      "effectiveness": 0.93,
      "effectiveness_ci_lower": 0.8888888888888888,
      "effectiveness_ci_upper": 0.9797979797979798,
      "n_observations": 890,
      "reliability": 0.85,
      "processing_mode": "ProcessingMode.SYSTEM_1",
      "response_time_ms": null,
      "cross_cultural_stability": 0.5
    },
    {
      "name": "danger",
      "gate_type": "NULLIFY",
      "triggers_en": [
        "dangerous",
        "unsafe",
        "threat"
      ],
      "triggers_he": [
        "\u05e1\u05db\u05e0\u05d4"
      ],
      "effectiveness": 0.9201312335958006,
      "effectiveness_ci_lower": 0.8686868686868687,
      "effectiveness_ci_upper": 0.9696969696969697,
      "n_observations": 381,
      "reliability": 0.85,
      "processing_mode": "ProcessingMode.SYSTEM_1",
      "response_time_ms": null,
      "cross_cultural_stability": 0.9500000000000001
    },
    {
      "name": "custom",
      "gate_type": "RELEASE",
      "triggers_en": [
        "custom",
        "practice"
      ],
      "triggers_he": [
        "\u05de\u05e0\u05d4\u05d2"
      ],
      "effectiveness": 0.92,
      "effectiveness_ci_lower": 0.8200000000000001,
      "effectiveness_ci_upper": 1.0,
      "n_observations": 2,
      "reliability": 0.0,
      "processing_mode": "ProcessingMode.SYSTEM_1",
      "response_time_ms": null,
      "cross_cultural_stability": 0.5
    },
    {
      "name": "exemption",
      "gate_type": "RELEASE",
      "triggers_en": [
        "exempt",
        "released"
      ],
      "triggers_he": [
        "\u05e4\u05d8\u05d5\u05e8"
      ],
      "effectiveness": 0.9,
      "effectiveness_ci_lower": 0.8,
      "effectiveness_ci_upper": 1.0,
      "n_observations": 2,
      "reliability": 0.0,
      "processing_mode": "ProcessingMode.SYSTEM_1",
      "response_time_ms": null,
      "cross_cultural_stability": 0.5
    }
  ],
  "tier_2_gates": [
    {
      "name": "conditional",
      "gate_type": "RELEASE",
      "triggers_en": [
        "only if convenient",
        "if you want",
        "no pressure"
      ],
      "triggers_he": [],
      "effectiveness": 0.89,
      "effectiveness_ci_lower": 0.8383838383838383,
      "effectiveness_ci_upper": 0.9595959595959596,
      "n_observations": 980,
      "reliability": 0.85,
      "processing_mode": "ProcessingMode.SYSTEM_2",
      "response_time_ms": null,
      "cross_cultural_stability": 0.5
    },
    {
      "name": "impossibility",
      "gate_type": "NULLIFY",
      "triggers_en": [
        "impossible",
        "cannot",
        "unable"
      ],
      "triggers_he": [],
      "effectiveness": 0.88,
      "effectiveness_ci_lower": 0.82,
      "effectiveness_ci_upper": 0.94,
      "n_observations": 290,
      "reliability": 0.85,
      "processing_mode": "ProcessingMode.SYSTEM_2",
      "response_time_ms": null,
      "cross_cultural_stability": 0.5
    },
    {
      "name": "sole_recourse",
      "gate_type": "BINDING",
      "triggers_en": [
        "only one who can",
        "no one else"
      ],
      "triggers_he": [],
      "effectiveness": 0.85,
      "effectiveness_ci_lower": 0.78,
      "effectiveness_ci_upper": 0.92,
      "n_observations": 540,
      "reliability": 0.85,
      "processing_mode": "ProcessingMode.SYSTEM_2",
      "response_time_ms": null,
      "cross_cultural_stability": 0.5
    },
    {
      "name": "verbal_commitment",
      "gate_type": "BINDING",
      "triggers_en": [
        "said",
        "spoke"
      ],
      "triggers_he": [
        "\u05d3\u05d9\u05d1\u05d5\u05e8"
      ],
      "effectiveness": 0.85,
      "effectiveness_ci_lower": 0.75,
      "effectiveness_ci_upper": 0.95,
      "n_observations": 2,
      "reliability": 0.0,
      "processing_mode": "ProcessingMode.SYSTEM_1",
      "response_time_ms": null,
      "cross_cultural_stability": 0.5
    },
    {
      "name": "vulnerability",
      "gate_type": "BINDING",
      "triggers_en": [
        "elderly",
        "disabled",
        "vulnerable"
      ],
      "triggers_he": [],
      "effectiveness": 0.82,
      "effectiveness_ci_lower": 0.74,
      "effectiveness_ci_upper": 0.89,
      "n_observations": 720,
      "reliability": 0.85,
      "processing_mode": "ProcessingMode.SYSTEM_2",
      "response_time_ms": null,
      "cross_cultural_stability": 0.5
    },
    {
      "name": "no_agreement",
      "gate_type": "RELEASE",
      "triggers_en": [
        "never agreed",
        "didn't promise",
        "no commitment"
      ],
      "triggers_he": [],
      "effectiveness": 0.78,
      "effectiveness_ci_lower": 0.7070707070707071,
      "effectiveness_ci_upper": 0.8585858585858586,
      "n_observations": 1100,
      "reliability": 0.85,
      "processing_mode": "ProcessingMode.SYSTEM_2",
      "response_time_ms": null,
      "cross_cultural_stability": 0.5
    }
  ],
  "tier_3_gates": [
    {
      "name": "estrangement",
      "gate_type": "NULLIFY",
      "triggers_en": [
        "estranged",
        "no contact",
        "cut off"
      ],
      "triggers_he": [],
      "effectiveness": 0.72,
      "effectiveness_ci_lower": 0.63,
      "effectiveness_ci_upper": 0.8,
      "n_observations": 410,
      "reliability": 0.85,
      "processing_mode": "ProcessingMode.SYSTEM_2",
      "response_time_ms": null,
      "cross_cultural_stability": 0.5
    },
    {
      "name": "significant_cost",
      "gate_type": "RELEASE",
      "triggers_en": [
        "at great cost",
        "sacrifice",
        "hardship"
      ],
      "triggers_he": [],
      "effectiveness": 0.55,
      "effectiveness_ci_lower": 0.45454545454545453,
      "effectiveness_ci_upper": 0.6565656565656566,
      "n_observations": 450,
      "reliability": 0.85,
      "processing_mode": "ProcessingMode.SYSTEM_2",
      "response_time_ms": null,
      "cross_cultural_stability": 0.5
    }
  ],
  "dimensions": [
    {
      "name": "FAIRNESS",
      "weight": 0.18026339506668768,
      "weight_ci_lower": 0.17657426570360607,
      "weight_ci_upper": 0.18490473237688235,
      "moral_foundation": "MoralFoundation.FAIRNESS_CHEATING",
      "context_adjustments": {},
      "dear_abby_weight": 0.18,
      "hebrew_weight": 0.26,
      "cross_cultural_alignment": 0.6923076923076923
    },
    {
      "name": "RIGHTS",
      "weight": 0.1598258022559343,
      "weight_ci_lower": 0.15613667289285266,
      "weight_ci_upper": 0.16446713956612893,
      "moral_foundation": null,
      "context_adjustments": {},
      "dear_abby_weight": 0.16,
      "hebrew_weight": 0.11,
      "cross_cultural_alignment": 0.6875
    },
    {
      "name": "HARM",
      "weight": 0.13990830981191532,
      "weight_ci_lower": 0.13621918044883372,
      "weight_ci_upper": 0.14454964712211,
      "moral_foundation": "MoralFoundation.CARE_HARM",
      "context_adjustments": {},
      "dear_abby_weight": 0.14,
      "hebrew_weight": 0.13,
      "cross_cultural_alignment": 0.9285714285714285
    },
    {
      "name": "AUTONOMY",
      "weight": 0.13014972889910362,
      "weight_ci_lower": 0.126460599536022,
      "weight_ci_upper": 0.13479106620929826,
      "moral_foundation": "MoralFoundation.LIBERTY_OPPRESSION",
      "context_adjustments": {},
      "dear_abby_weight": 0.13,
      "hebrew_weight": 0.18,
      "cross_cultural_alignment": 0.7222222222222223
    },
    {
      "name": "LEGITIMACY",
      "weight": 0.11991743755144857,
      "weight_ci_lower": 0.11622830818836695,
      "weight_ci_upper": 0.12455877486164321,
      "moral_foundation": "MoralFoundation.AUTHORITY_SUBVERSION",
      "context_adjustments": {},
      "dear_abby_weight": 0.12,
      "hebrew_weight": 0.11,
      "cross_cultural_alignment": 0.9166666666666667
    },
    {
      "name": "SOCIAL",
      "weight": 0.10004206086837157,
      "weight_ci_lower": 0.09635293150528997,
      "weight_ci_upper": 0.10468339817856623,
      "moral_foundation": "MoralFoundation.LOYALTY_BETRAYAL",
      "context_adjustments": {},
      "dear_abby_weight": 0.1,
      "hebrew_weight": 0.12,
      "cross_cultural_alignment": 0.8333333333333334
    },
    {
      "name": "PRIVACY",
      "weight": 0.06996972449307227,
      "weight_ci_lower": 0.06628059512999065,
      "weight_ci_upper": 0.07461106180326693,
      "moral_foundation": null,
      "context_adjustments": {},
      "dear_abby_weight": 0.07,
      "hebrew_weight": 0,
      "cross_cultural_alignment": 0.5
    },
    {
      "name": "PROCEDURE",
      "weight": 0.05994084134313975,
      "weight_ci_lower": 0.05625171198005814,
      "weight_ci_upper": 0.06458217865333439,
      "moral_foundation": null,
      "context_adjustments": {},
      "dear_abby_weight": 0.06,
      "hebrew_weight": 0.05,
      "cross_cultural_alignment": 0.8333333333333334
    },
    {
      "name": "EPISTEMIC",
      "weight": 0.039982699710327,
      "weight_ci_lower": 0.03670285598677431,
      "weight_ci_upper": 0.04480291976087707,
      "moral_foundation": null,
      "context_adjustments": {},
      "dear_abby_weight": 0.04,
      "hebrew_weight": 0.04,
      "cross_cultural_alignment": 1.0
    }
  ],
  "context_weights": {
    "FAMILY": {
      "SOCIAL": 0.66,
      "HARM": 0.54,
      "FAIRNESS": 0.48000000000000004
    },
    "WORKPLACE": {
      "PROCEDURE": 0.6000000000000001,
      "FAIRNESS": 0.5700000000000001,
      "LEGITIMACY": 0.5100000000000001
    },
    "FRIENDSHIP": {
      "FAIRNESS": 0.66,
      "AUTONOMY": 0.54,
      "SOCIAL": 0.48000000000000004
    },
    "ROMANCE": {
      "AUTONOMY": 0.6000000000000001,
      "FAIRNESS": 0.54,
      "HARM": 0.48000000000000004
    },
    "NEIGHBORS": {
      "FAIRNESS": 0.72,
      "RIGHTS": 0.6000000000000001,
      "PRIVACY": 0.48000000000000004
    }
  },
  "contested": [
    {
      "name": "family_vs_self_care",
      "description": "Pattern with ~52% agreement",
      "agreement_rate": 0.52,
      "agreement_ci": [
        0.47000000000000003,
        0.5700000000000001
      ],
      "positions": [],
      "temporal_variance": 0.05,
      "cross_cultural_variance": 0.2
    },
    {
      "name": "white_lies",
      "description": "Pattern with ~48% agreement",
      "agreement_rate": 0.48,
      "agreement_ci": [
        0.43,
        0.53
      ],
      "positions": [],
      "temporal_variance": 0.05,
      "cross_cultural_variance": 0.2
    },
    {
      "name": "blame_reduces_duty",
      "description": "Pattern with ~45% agreement",
      "agreement_rate": 0.45,
      "agreement_ci": [
        0.4,
        0.5
      ],
      "positions": [],
      "temporal_variance": 0.05,
      "cross_cultural_variance": 0.2
    },
    {
      "name": "loyalty_vs_truth",
      "description": "Pattern with ~51% agreement",
      "agreement_rate": 0.51,
      "agreement_ci": [
        0.46,
        0.56
      ],
      "positions": [],
      "temporal_variance": 0.05,
      "cross_cultural_variance": 0.2
    },
    {
      "name": "self_sacrifice_required",
      "description": "Pattern with ~50% agreement",
      "agreement_rate": 0.5,
      "agreement_ci": [
        0.4,
        0.6
      ],
      "positions": [],
      "temporal_variance": 0.1,
      "cross_cultural_variance": 0.1
    }
  ],
  "calibration_score": 0.1198625,
  "cross_validation_score": [
    0.8468020101364201,
    0.03
  ],
  "dual_process_weights": {
    "system_1": 0.6190476190476191,
    "system_2": 0.38095238095238093
  },
  "temporal_discount_curve": [
    [
      0.0,
      1.0
    ],
    [
      0.1,
      0.95
    ],
    [
      0.3,
      0.85
    ],
    [
      0.5,
      0.7
    ],
    [
      0.7,
      0.5
    ],
    [
      1.0,
      0.3
    ]
  ],
  "bond_index_threshold": 0.2,
  "confidence_threshold_high": 0.85,
  "confidence_threshold_contested": 0.6
}